<?xml version="1.0" encoding="UTF-8"?>
<!--
     Copyright (c) 2006, 2021 Wind River Systems, Inc. and others.
     All rights reserved. This program and the accompanying materials
     are made available under the terms of the Eclipse Public License 2.0
     which accompanies this distribution, and is available at
     https://www.eclipse.org/legal/epl-2.0/

    SPDX-License-Identifier: EPL-2.0
    
     Contributors:
         Wind River - initial API and implementation
         Uwe Stieber (Wind River) - [282996] [terminal][api] Add "hidden" attribute to terminal connector extension point
         Uwe Stieber (Wind River) - Bug 434937 - Releng: The Terminal Features have an incorrect license 
 -->
<feature
      id="org.eclipse.tm.terminal.control.feature"
      label="%featureName"
      version="11.6.1.202407022003"
      provider-name="%providerName"
      plugin="org.eclipse.tm.terminal.control">

   <description>
      %description
   </description>

   <copyright>
      %copyright
   </copyright>

   <license url="%licenseURL">
      %license
   </license>

   <requires>
      <import plugin="org.eclipse.core.runtime"/>
      <import plugin="org.eclipse.ui"/>
   </requires>

   <plugin
         id="org.eclipse.tm.terminal.control"
         download-size="218"
         install-size="434"
         version="5.5.301.202407022003"
         unpack="false"/>

</feature>
