<?xml version="1.0" encoding="UTF-8"?><!--
    Copyright (c) 2009, 2023 Tasktop Technologies and others.
 
    This program and the accompanying materials are made available under the
    terms of the Eclipse Public License v. 2.0 which is available at
    https://www.eclipse.org/legal/epl-2.0
 
    SPDX-License-Identifier: EPL-2.0

    Contributors:
         Tasktop Technologies - initial API and implementation
         ArSysOp - ongoing support
 -->

<feature
      id="org.eclipse.mylyn.team.feature"
      label="%featureName"
      version="4.4.0.v20240617-1534"
      provider-name="%providerName"
      plugin="org.eclipse.mylyn.context.core">

   <description url="http://eclipse.org/mylyn">
      %description
   </description>

   <copyright>
      %copyright
   </copyright>

   <license url="%licenseURL">
      %license
   </license>

   <requires>
      <import feature="org.eclipse.mylyn.context.feature" version="4.4.0" match="equivalent"/>
   </requires>

   <plugin
         id="org.eclipse.mylyn.team.ui"
         download-size="134"
         install-size="263"
         version="4.4.0.v20240617-1534"
         unpack="false"/>

</feature>
