<?xml version="1.0" encoding="UTF-8"?>
<feature
      id="org.eclipse.equinox.p2.core.feature"
      label="%featureName"
      version="1.7.300.v20240801-1024"
      provider-name="%providerName">

   <description>
      %description
   </description>

   <copyright>
      %copyright
   </copyright>

   <license url="%licenseURL">
      %license
   </license>

   <requires>
      <import feature="org.eclipse.ecf.core.feature" version="1.4.0" match="compatible"/>
      <import feature="org.eclipse.ecf.core.ssl.feature" version="1.1.0" match="compatible"/>
      <import feature="org.eclipse.ecf.filetransfer.feature" version="3.13.7" match="compatible"/>
      <import feature="org.eclipse.ecf.filetransfer.httpclientjava.feature" version="2.0.0" match="compatible"/>
      <import feature="org.eclipse.ecf.filetransfer.httpclient5.feature" version="1.0.0" match="compatible"/>
      <import feature="org.eclipse.ecf.filetransfer.ssl.feature" version="1.1.0" match="compatible"/>
   </requires>

   <plugin
         id="org.eclipse.equinox.p2.artifact.repository"
         version="1.5.400.v20240416-0654"/>

   <plugin
         id="org.eclipse.equinox.p2.console"
         version="1.3.400.v20240321-1450"/>

   <plugin
         id="org.eclipse.equinox.p2.core"
         version="2.12.100.v20240702-1335"/>

   <plugin
         id="org.eclipse.equinox.p2.director"
         version="2.6.400.v20240321-1450"/>

   <plugin
         id="org.eclipse.equinox.p2.engine"
         version="2.10.200.v20240425-1316"/>

   <plugin
         id="org.eclipse.equinox.p2.garbagecollector"
         version="1.3.300.v20240321-1450"/>

   <plugin
         id="org.eclipse.equinox.p2.metadata"
         version="2.9.100.v20240416-0654"/>

   <plugin
         id="org.eclipse.equinox.p2.metadata.repository"
         version="1.5.400.v20240515-1919"/>

   <plugin
         id="org.eclipse.equinox.p2.repository"
         version="2.9.100.v20240511-1722"/>

   <plugin
         id="org.eclipse.equinox.p2.touchpoint.eclipse"
         version="2.4.300.v20240511-1722"/>

   <plugin
         id="org.eclipse.equinox.p2.touchpoint.natives"
         version="1.5.300.v20240423-0755"/>

   <plugin
         id="org.eclipse.equinox.simpleconfigurator.manipulator"
         version="2.3.300.v20240702-1335"/>

   <plugin
         id="org.eclipse.equinox.frameworkadmin"
         version="2.3.200.v20240321-1450"/>

   <plugin
         id="org.eclipse.equinox.frameworkadmin.equinox"
         version="1.3.200.v20240321-1450"/>

   <plugin
         id="org.eclipse.equinox.preferences"
         version="3.11.100.v20240327-0645"/>

   <plugin
         id="org.osgi.service.prefs"
         version="1.1.2.202109301733"/>

   <plugin
         id="org.eclipse.equinox.security"
         version="1.4.400.v20240702-1702"/>

   <plugin
         id="org.eclipse.equinox.p2.jarprocessor"
         version="1.3.400.v20240321-1450"/>

   <plugin
         id="org.eclipse.equinox.p2.transport.ecf"
         version="1.4.300.v20240321-1450"/>

   <plugin
         id="org.eclipse.equinox.p2.operations"
         version="2.7.400.v20240425-0751"/>

   <plugin
         id="org.eclipse.equinox.security.macosx"
         os="macosx"
         version="1.102.300.v20240419-2334"/>

   <plugin
         id="org.eclipse.equinox.security.linux"
         os="linux"
         version="1.1.300.v20240419-2334"/>

   <plugin
         id="org.eclipse.equinox.security.win32"
         os="win32"
         version="1.3.0.v20240419-2334"/>

   <plugin
         id="org.eclipse.equinox.concurrent"
         version="1.3.100.v20240514-0729"/>

</feature>
