<?xml version="1.0" encoding="UTF-8"?>
<!--
    Copyright (c) 2005, 2023 Tasktop Technologies and others.
    All rights reserved. This program and the accompanying materials
    are made available under the terms of the Eclipse Public License v2.0
    which accompanies this distribution, and is available at
    http://www.eclipse.org/legal/epl-v20.html

    Contributors:
         Tasktop Technologies - initial API and implementation
         ArSysOp - ongoing support
 -->
<feature
      id="org.eclipse.mylyn.tasks.feature"
      label="%featureName"
      version="4.4.0.v20240828-0218"
      provider-name="%providerName"
      plugin="org.eclipse.mylyn.tasks.core">

   <description url="http://eclipse.org/mylyn">
      %description
   </description>

   <copyright>
      %copyright
   </copyright>

   <license url="%licenseURL">
      %license
   </license>

   <url>
      <discovery label="Mylyn 3.26 for Eclipse 4.12" url="http://download.eclipse.org/mylyn/releases/3.26"/>
   </url>

   <requires>
      <import feature="org.eclipse.mylyn.commons.feature" version="4.4.0" match="compatible"/>
      <import feature="org.eclipse.mylyn.commons.identity.feature" version="4.4.0" match="compatible"/>
      <import feature="org.eclipse.mylyn.commons.notifications.feature" version="4.4.0" match="compatible"/>
      <import feature="org.eclipse.mylyn.commons.repositories.feature" version="4.4.0" match="compatible"/>
      <import feature="org.eclipse.mylyn.monitor.feature" version="4.4.0" match="compatible"/>
   </requires>

   <plugin
         id="org.eclipse.mylyn.help.ui"
         download-size="1246"
         install-size="1479"
         version="4.4.0.v20240617-1534"
         unpack="false"/>

   <plugin
         id="org.eclipse.mylyn.tasks.activity.core"
         download-size="23"
         install-size="35"
         version="4.4.0.v20240617-1534"
         unpack="false"/>

   <plugin
         id="org.eclipse.mylyn.tasks.activity.ui"
         download-size="17"
         install-size="25"
         version="4.4.0.v20240617-1534"
         unpack="false"/>

   <plugin
         id="org.eclipse.mylyn.tasks.bugs"
         download-size="95"
         install-size="199"
         version="4.4.0.v20240617-1534"
         unpack="false"/>

   <plugin
         id="org.eclipse.mylyn.tasks.core"
         download-size="470"
         install-size="1026"
         version="4.4.0.v20240617-1534"
         unpack="false"/>

   <plugin
         id="org.eclipse.mylyn.tasks.index.core"
         download-size="36"
         install-size="68"
         version="4.4.0.v20240617-1534"
         unpack="false"/>

   <plugin
         id="org.eclipse.mylyn.tasks.index.ui"
         download-size="31"
         install-size="52"
         version="4.4.0.v20240617-1534"
         unpack="false"/>

   <plugin
         id="org.eclipse.mylyn.tasks.search"
         download-size="70"
         install-size="141"
         version="4.4.0.v20240617-1534"
         unpack="false"/>

   <plugin
         id="org.eclipse.mylyn.tasks.ui"
         download-size="1875"
         install-size="3897"
         version="4.4.0.v20240828-0218"
         unpack="false"/>

</feature>
