<?xml version="1.0" encoding="UTF-8"?>
<!--
 *******************************************************************************
 * Copyright (c) 2023 Contributors to the Eclipse Foundation
 * 
 * This program and the accompanying materials are made available under the
 * terms of the Eclipse Public License 2.0 which is available at
 * https://www.eclipse.org/legal/epl-2.0/.
 * 
 * SPDX-License-Identifier: EPL-2.0
 * 
 * Contributors:
 *   See git history
 *******************************************************************************
-->
<feature
      id="org.eclipse.mylyn.egit.feature"
      label="%featureName"
      version="4.4.0.v20240711-1016"
      provider-name="%providerName"
      plugin="org.eclipse.mylyn.tasks.core">

   <description url="https://www.eclipse.org/mylyn/">
      %description
   </description>

   <copyright>
      %copyright
   </copyright>

   <license url="%licenseURL">
      %license
   </license>

   <url>
      <update label="%updateSiteName" url="https://download.eclipse.org/mylyn/releases/latest/"/>
      <discovery label="%updateSiteName" url="https://download.eclipse.org/mylyn/releases/latest/"/>
   </url>

   <requires>
      <import feature="org.eclipse.egit" version="6.2.0" match="greaterOrEqual"/>
      <import feature="org.eclipse.mylyn.team.feature" version="4.4.0" match="equivalent"/>
   </requires>

   <plugin
         id="org.eclipse.mylyn.egit.ui"
         download-size="27"
         install-size="46"
         version="4.4.0.v20240711-1016"
         unpack="false"/>

</feature>
