<?xml version="1.0" encoding="UTF-8"?>
<config date="1725520774302" transient="false">
	<site updateable="true" url="platform:/base/" enabled="true" policy="USER-EXCLUDE">
		<feature id="org.eclipse.mylyn.github.feature" version="6.5.0.v20240711-1016" url="features/org.eclipse.mylyn.github.feature_6.5.0.v20240711-1016/" plugin-identifier="org.eclipse.mylyn.tasks.core">
		</feature>
		<feature id="org.eclipse.mylyn.team.feature" version="4.4.0.v20240617-1534" url="features/org.eclipse.mylyn.team.feature_4.4.0.v20240617-1534/" plugin-identifier="org.eclipse.mylyn.context.core">
		</feature>
		<feature id="org.eclipse.oomph.setup" version="1.33.0.v20240826-0747" url="features/org.eclipse.oomph.setup_1.33.0.v20240826-0747/">
		</feature>
		<feature id="org.eclipse.jdt" version="3.19.600.v20240903-0240" url="features/org.eclipse.jdt_3.19.600.v20240903-0240/">
		</feature>
		<feature id="org.eclipse.mylyn.commons.notifications.feature" version="4.4.0.v20240828-0218" url="features/org.eclipse.mylyn.commons.notifications.feature_4.4.0.v20240828-0218/" plugin-identifier="org.eclipse.mylyn.commons.core">
		</feature>
		<feature id="org.eclipse.ecf.filetransfer.httpclient5.feature" version="1.1.702.v20240808-1900" url="features/org.eclipse.ecf.filetransfer.httpclient5.feature_1.1.702.v20240808-1900/">
		</feature>
		<feature id="org.eclipse.mylyn.jenkins.feature" version="4.4.0.v20240708-0640" url="features/org.eclipse.mylyn.jenkins.feature_4.4.0.v20240708-0640/" plugin-identifier="org.eclipse.mylyn.builds.core">
		</feature>
		<feature id="org.eclipse.ecf.filetransfer.feature" version="3.14.1900.v20240812-1535" url="features/org.eclipse.ecf.filetransfer.feature_3.14.1900.v20240812-1535/">
		</feature>
		<feature id="org.eclipse.mylyn.jdt.feature" version="4.4.0.v20240617-1534" url="features/org.eclipse.mylyn.jdt.feature_4.4.0.v20240617-1534/" plugin-identifier="org.eclipse.mylyn.context.core">
		</feature>
		<feature id="org.eclipse.jgit.ssh.apache" version="7.0.0.202409031743-r" url="features/org.eclipse.jgit.ssh.apache_7.0.0.202409031743-r/">
		</feature>
		<feature id="org.eclipse.equinox.p2.user.ui" version="2.4.2500.v20240812-2151" url="features/org.eclipse.equinox.p2.user.ui_2.4.2500.v20240812-2151/">
		</feature>
		<feature id="org.eclipse.m2e.logback.feature" version="2.6.1.20240411-1743" url="features/org.eclipse.m2e.logback.feature_2.6.1.20240411-1743/" plugin-identifier="org.eclipse.m2e.core">
		</feature>
		<feature id="org.eclipse.wildwebdeveloper.xml.feature" version="1.3.5.202408121113" url="features/org.eclipse.wildwebdeveloper.xml.feature_1.3.5.202408121113/">
		</feature>
		<feature id="org.eclipse.equinox.p2.core.feature" version="1.7.300.v20240801-1024" url="features/org.eclipse.equinox.p2.core.feature_1.7.300.v20240801-1024/">
		</feature>
		<feature id="org.eclipse.tm.terminal.view.feature" version="11.6.1.202406241230" url="features/org.eclipse.tm.terminal.view.feature_11.6.1.202406241230/" plugin-identifier="org.eclipse.tm.terminal.view.ui">
		</feature>
		<feature id="org.eclipse.mylyn.commons.repositories.feature" version="4.4.0.v20240719-0621" url="features/org.eclipse.mylyn.commons.repositories.feature_4.4.0.v20240719-0621/" plugin-identifier="org.eclipse.mylyn.commons.core">
		</feature>
		<feature id="org.eclipse.mylyn.monitor.feature" version="4.4.0.v20240617-1534" url="features/org.eclipse.mylyn.monitor.feature_4.4.0.v20240617-1534/" plugin-identifier="org.eclipse.mylyn.commons.core">
		</feature>
		<feature id="org.eclipse.equinox.p2.discovery.feature" version="1.3.500.v20240803-1337" url="features/org.eclipse.equinox.p2.discovery.feature_1.3.500.v20240803-1337/">
		</feature>
		<feature id="org.eclipse.mylyn.commons.feature" version="4.4.0.v20240828-0218" url="features/org.eclipse.mylyn.commons.feature_4.4.0.v20240828-0218/" plugin-identifier="org.eclipse.mylyn.commons.core">
		</feature>
		<feature id="org.eclipse.mylyn.egit.feature" version="4.4.0.v20240711-1016" url="features/org.eclipse.mylyn.egit.feature_4.4.0.v20240711-1016/" plugin-identifier="org.eclipse.mylyn.tasks.core">
		</feature>
		<feature id="org.eclipse.mylyn.ide.feature" version="4.4.0.v20240617-1534" url="features/org.eclipse.mylyn.ide.feature_4.4.0.v20240617-1534/" plugin-identifier="org.eclipse.mylyn.context.core">
		</feature>
		<feature id="org.eclipse.e4.rcp" version="4.33.0.v20240903-0618" url="features/org.eclipse.e4.rcp_4.33.0.v20240903-0618/">
		</feature>
		<feature id="org.eclipse.epp.mpc" version="1.11.0.v20240709-1650" url="features/org.eclipse.epp.mpc_1.11.0.v20240709-1650/" plugin-identifier="org.eclipse.epp.mpc.ui">
		</feature>
		<feature id="org.eclipse.mylyn.builds.feature" version="4.4.0.v20240617-1534" url="features/org.eclipse.mylyn.builds.feature_4.4.0.v20240617-1534/" plugin-identifier="org.eclipse.mylyn.builds.core">
		</feature>
		<feature id="org.eclipse.platform" version="4.33.0.v20240903-0618" url="features/org.eclipse.platform_4.33.0.v20240903-0618/">
		</feature>
		<feature id="org.eclipse.egit" version="7.0.0.202409031743-r" url="features/org.eclipse.egit_7.0.0.202409031743-r/">
		</feature>
		<feature id="org.eclipse.mylyn.commons.activity.feature" version="4.4.0.v20240617-1534" url="features/org.eclipse.mylyn.commons.activity.feature_4.4.0.v20240617-1534/" plugin-identifier="org.eclipse.mylyn.tasks.activity.ui">
		</feature>
		<feature id="org.eclipse.oomph.p2" version="1.31.0.v20240723-0951" url="features/org.eclipse.oomph.p2_1.31.0.v20240723-0951/">
		</feature>
		<feature id="org.eclipse.help" version="2.3.1900.v20240903-0240" url="features/org.eclipse.help_2.3.1900.v20240903-0240/" plugin-identifier="org.eclipse.help.base">
		</feature>
		<feature id="org.eclipse.jgit.gpg.bc" version="7.0.0.202409031743-r" url="features/org.eclipse.jgit.gpg.bc_7.0.0.202409031743-r/">
		</feature>
		<feature id="org.eclipse.eclemma.feature" version="3.1.9.202405260028" url="features/org.eclipse.eclemma.feature_3.1.9.202405260028/" plugin-identifier="org.eclipse.eclemma.ui">
		</feature>
		<feature id="org.eclipse.m2e.lemminx.feature" version="2.0.600.20240219-1707" url="features/org.eclipse.m2e.lemminx.feature_2.0.600.20240219-1707/">
		</feature>
		<feature id="org.eclipse.mylyn.versions.feature" version="4.4.0.v20240617-1534" url="features/org.eclipse.mylyn.versions.feature_4.4.0.v20240617-1534/" plugin-identifier="org.eclipse.mylyn.versions.core">
		</feature>
		<feature id="org.eclipse.tm.terminal.connector.ssh.feature" version="11.6.1.202406241230" url="features/org.eclipse.tm.terminal.connector.ssh.feature_11.6.1.202406241230/" plugin-identifier="org.eclipse.tm.terminal.connector.ssh">
		</feature>
		<feature id="org.eclipse.tm.terminal.control.feature" version="11.6.1.202407022003" url="features/org.eclipse.tm.terminal.control.feature_11.6.1.202407022003/" plugin-identifier="org.eclipse.tm.terminal.control">
		</feature>
		<feature id="org.eclipse.ecf.filetransfer.ssl.feature" version="1.1.402.v20240812-1535" url="features/org.eclipse.ecf.filetransfer.ssl.feature_1.1.402.v20240812-1535/">
		</feature>
		<feature id="org.eclipse.tm.terminal.connector.local.feature" version="11.6.1.202406241230" url="features/org.eclipse.tm.terminal.connector.local.feature_11.6.1.202406241230/">
		</feature>
		<feature id="org.eclipse.mylyn.tasks.feature" version="4.4.0.v20240828-0218" url="features/org.eclipse.mylyn.tasks.feature_4.4.0.v20240828-0218/" plugin-identifier="org.eclipse.mylyn.tasks.core">
		</feature>
		<feature id="org.eclipse.equinox.p2.extras.feature" version="1.4.2500.v20240812-2151" url="features/org.eclipse.equinox.p2.extras.feature_1.4.2500.v20240812-2151/">
		</feature>
		<feature id="org.eclipse.jgit" version="7.0.0.202409031743-r" url="features/org.eclipse.jgit_7.0.0.202409031743-r/">
		</feature>
		<feature id="org.eclipse.oomph.setup.core" version="1.31.0.v20240723-0951" url="features/org.eclipse.oomph.setup.core_1.31.0.v20240723-0951/">
		</feature>
		<feature id="org.eclipse.equinox.p2.rcp.feature" version="1.4.2500.v20240801-1024" url="features/org.eclipse.equinox.p2.rcp.feature_1.4.2500.v20240801-1024/">
		</feature>
		<feature id="org.eclipse.jdt.bcoview.feature" version="1.2.500.v20240702-1918" url="features/org.eclipse.jdt.bcoview.feature_1.2.500.v20240702-1918/">
		</feature>
		<feature id="org.eclipse.tips.feature" version="0.4.400.v20240525-0701" url="features/org.eclipse.tips.feature_0.4.400.v20240525-0701/">
		</feature>
		<feature id="org.eclipse.ecf.core.feature" version="1.6.2.v20240812-1535" url="features/org.eclipse.ecf.core.feature_1.6.2.v20240812-1535/">
		</feature>
		<feature id="org.eclipse.justj.epp" version="21.0.0.v20240807-1553" url="features/org.eclipse.justj.epp_21.0.0.v20240807-1553/">
		</feature>
		<feature id="org.eclipse.mylyn.git.feature" version="4.4.0.v20240617-1534" url="features/org.eclipse.mylyn.git.feature_4.4.0.v20240617-1534/" plugin-identifier="org.eclipse.mylyn.versions.core">
		</feature>
		<feature id="org.eclipse.mylyn.reviews.feature" version="4.4.0.v20240828-0218" url="features/org.eclipse.mylyn.reviews.feature_4.4.0.v20240828-0218/" plugin-identifier="org.eclipse.mylyn.reviews.core">
		</feature>
		<feature id="org.eclipse.buildship" version="3.1.9.v20240115-1636" url="features/org.eclipse.buildship_3.1.9.v20240115-1636/" plugin-identifier="org.eclipse.buildship.branding">
		</feature>
		<feature id="org.eclipse.ecf.core.ssl.feature" version="1.1.600.v20240812-1535" url="features/org.eclipse.ecf.core.ssl.feature_1.1.600.v20240812-1535/">
		</feature>
		<feature id="org.eclipse.m2e.feature" version="2.6.2.20240828-1954" url="features/org.eclipse.m2e.feature_2.6.2.20240828-1954/" plugin-identifier="org.eclipse.m2e.core">
		</feature>
		<feature id="org.eclipse.jgit.http.apache" version="7.0.0.202409031743-r" url="features/org.eclipse.jgit.http.apache_7.0.0.202409031743-r/">
		</feature>
		<feature id="org.eclipse.epp.package.java.feature" version="4.33.0.20240905-0613" url="features/org.eclipse.epp.package.java.feature_4.33.0.20240905-0613/" plugin-identifier="org.eclipse.epp.package.java">
		</feature>
		<feature id="org.eclipse.mylyn.context.feature" version="4.4.0.v20240617-1534" url="features/org.eclipse.mylyn.context.feature_4.4.0.v20240617-1534/" plugin-identifier="org.eclipse.mylyn.context.core">
		</feature>
		<feature id="org.eclipse.tm.terminal.connector.telnet.feature" version="11.6.1.202406241230" url="features/org.eclipse.tm.terminal.connector.telnet.feature_11.6.1.202406241230/">
		</feature>
		<feature id="org.eclipse.tm.terminal.feature" version="11.6.1.202406241230" url="features/org.eclipse.tm.terminal.feature_11.6.1.202406241230/" plugin-identifier="org.eclipse.tm.terminal.view.core">
		</feature>
		<feature id="org.eclipse.rcp" version="4.33.0.v20240903-0618" url="features/org.eclipse.rcp_4.33.0.v20240903-0618/">
		</feature>
		<feature id="org.eclipse.mylyn.wikitext.feature" version="4.4.0.v20240820-2036" url="features/org.eclipse.mylyn.wikitext.feature_4.4.0.v20240820-2036/" plugin-identifier="org.eclipse.mylyn.wikitext">
		</feature>
		<feature id="org.eclipse.mylyn.commons.identity.feature" version="4.4.0.v20240617-1534" url="features/org.eclipse.mylyn.commons.identity.feature_4.4.0.v20240617-1534/" plugin-identifier="org.eclipse.mylyn.commons.core">
		</feature>
		<feature id="org.eclipse.ecf.filetransfer.httpclientjava.feature" version="2.0.200.v20240808-1900" url="features/org.eclipse.ecf.filetransfer.httpclientjava.feature_2.0.200.v20240808-1900/">
		</feature>
		<feature id="org.eclipse.emf.ecore" version="2.38.0.v20240721-0802" url="features/org.eclipse.emf.ecore_2.38.0.v20240721-0802/">
		</feature>
		<feature id="org.eclipse.epp.package.common.feature" version="4.33.0.20240905-0613" url="features/org.eclipse.epp.package.common.feature_4.33.0.20240905-0613/">
		</feature>
		<feature id="org.eclipse.emf.common" version="2.32.0.v20240731-0952" url="features/org.eclipse.emf.common_2.32.0.v20240731-0952/">
		</feature>
		<feature id="org.eclipse.userstorage" version="1.2.0.v20210517-0327" url="features/org.eclipse.userstorage_1.2.0.v20210517-0327/">
		</feature>
	</site>
</config>
