<?xml version="1.0" encoding="UTF-8"?>
<!--
 *******************************************************************************
 * Copyright (c) 2011, 2023 Contributors to Eclipse Foundation
 * 
 * This program and the accompanying materials are made available under the
 * terms of the Eclipse Public License 2.0 which is available at
 * https://www.eclipse.org/legal/epl-2.0/.
 * 
 * SPDX-License-Identifier: EPL-2.0
 * 
 * Contributors:
 *   See git history
 *******************************************************************************
-->
<feature
      id="org.eclipse.mylyn.github.feature"
      label="%featureName"
      version="6.5.0.v20240711-1016"
      provider-name="%providerName"
      plugin="org.eclipse.mylyn.tasks.core">

   <description url="http://www.eclipse.org/egit">
      %description
   </description>

   <copyright>
      %copyright
   </copyright>

   <license url="%licenseURL">
      %license
   </license>

   <requires>
      <import feature="org.eclipse.egit" version="6.2.0" match="greaterOrEqual"/>
      <import feature="org.eclipse.mylyn.tasks.feature" version="4.4.0" match="equivalent"/>
   </requires>

   <plugin
         id="org.eclipse.mylyn.github.core"
         download-size="77"
         install-size="170"
         version="6.5.0.v20240509-0539"
         unpack="false"/>

   <plugin
         id="org.eclipse.mylyn.github.ui"
         download-size="229"
         install-size="478"
         version="6.5.0.v20240711-1016"
         unpack="false"/>

   <plugin
         id="org.eclipse.egit.github.core"
         download-size="248"
         install-size="549"
         version="6.1.0.202203080745-r"
         unpack="false"/>

   <plugin
         id="org.eclipse.mylyn.github.doc"
         download-size="236"
         install-size="255"
         version="6.5.0.v20240617-1534"/>

</feature>
