<?xml version="1.0" encoding="UTF-8"?>
<!--
    Copyright (c) 2018, 2021 Red Hat and others.
    This program and the accompanying materials
    are made available under the terms of the Eclipse Public License 2.0
    which accompanies this distribution, and is available at
    https://www.eclipse.org/legal/epl-2.0/
   
    SPDX-License-Identifier: EPL-2.0
 -->
<feature
      id="org.eclipse.tm.terminal.view.feature"
      label="%featureName"
      version="11.6.1.202406241230"
      provider-name="%providerName"
      plugin="org.eclipse.tm.terminal.view.ui">

   <description>
      %description
   </description>

   <copyright>
      %copyright
   </copyright>

   <license url="%licenseURL">
      %license
   </license>

   <requires>
      <import plugin="org.eclipse.core.expressions" version="3.4.400" match="greaterOrEqual"/>
      <import plugin="org.eclipse.core.runtime" version="3.8.0" match="greaterOrEqual"/>
      <import plugin="org.eclipse.ui" version="3.8.0" match="greaterOrEqual"/>
      <import plugin="org.eclipse.core.variables" version="3.2.600" match="greaterOrEqual"/>
      <import plugin="org.eclipse.tm.terminal.view.core" version="4.8.0" match="compatible"/>
      <import plugin="org.eclipse.tm.terminal.control" version="5.2.0" match="compatible"/>
   </requires>

   <plugin
         id="org.eclipse.tm.terminal.view.core"
         download-size="45"
         install-size="72"
         version="4.10.300.202403071917"
         unpack="false"/>

   <plugin
         id="org.eclipse.tm.terminal.view.ui"
         download-size="281"
         install-size="567"
         version="4.11.500.202403071917"
         unpack="false"/>

</feature>
