<?xml version="1.0" encoding="UTF-8"?>
<!--
    Copyright (c) 2010, 2023 Tasktop Technologies and others.
 
    This program and the accompanying materials are made available under the
    terms of the Eclipse Public License v. 2.0 which is available at
    https://www.eclipse.org/legal/epl-2.0
 
    SPDX-License-Identifier: EPL-2.0

    Contributors:
         Tasktop Technologies - initial API and implementation
         ArSysOp - adapt to SimRel 2022-12
 -->
<feature
      id="org.eclipse.mylyn.jenkins.feature"
      label="%featureName"
      version="4.4.0.v20240708-0640"
      provider-name="%providerName"
      plugin="org.eclipse.mylyn.builds.core">

   <description url="https://eclipse.org/mylyn">
      %description
   </description>

   <copyright>
      %copyright
   </copyright>

   <license url="%licenseURL">
      %license
   </license>

   <requires>
      <import feature="org.eclipse.mylyn.builds.feature" version="4.4.0" match="compatible"/>
      <import feature="org.eclipse.mylyn.commons.repositories.feature" version="4.4.0" match="compatible"/>
   </requires>

   <plugin
         id="org.eclipse.mylyn.jenkins.core"
         download-size="129"
         install-size="266"
         version="4.4.0.v20240708-0640"
         unpack="false"/>

   <plugin
         id="org.eclipse.mylyn.jenkins.ui"
         download-size="24"
         install-size="36"
         version="4.4.0.v20240617-1534"
         unpack="false"/>

</feature>
