<?xml version="1.0" encoding="UTF-8"?>
<!--
    Copyright (c) 2010, 2023 Tasktop Technologies and others.
    All rights reserved. This program and the accompanying materials
    are made available under the terms of the Eclipse Public License v1.0
    which accompanies this distribution, and is available at
    https://www.eclipse.org/legal/epl-v20.html
   
    Contributors:
         Tasktop Technologies - initial API and implementation
         ArSysOp - ongoing support
 -->
<feature
      id="org.eclipse.mylyn.commons.activity.feature"
      label="%featureName"
      version="4.4.0.v20240617-1534"
      provider-name="%providerName"
      plugin="org.eclipse.mylyn.tasks.activity.ui">

   <description url="https://eclipse.org/mylyn">
      %description
   </description>

   <copyright>
      %copyright
   </copyright>

   <license url="%licenseURL">
      %license
   </license>

   <requires>
      <import feature="org.eclipse.mylyn.commons.feature" version="4.4.0" match="greaterOrEqual"/>
   </requires>

   <plugin
         id="org.eclipse.mylyn.commons.activity.ui"
         download-size="36"
         install-size="60"
         version="4.4.0.v20240617-1534"
         unpack="false"/>

</feature>
